CD_CVM,DENOM_CIA
1023,BCO BRASIL S.A.
14206,BRB BCO DE BRASILIA S.A.
2437,CENTRAIS ELET BRAS S.A. - ELETROBRAS
14451,COMPANHIA ENERGÉTICA DE BRASÍLIA - CEB
15733,SHOPPING CENTER TACARUNA SA
14613,NEUMARKT TRADE AND FINANCIAL CENTER S/A
14818,CIMS S.A.
11258,TELEC BRASILEIRAS S.A. TELEBRAS
15083,KOSMOS COMÉRCIO DE VESTUÁRIO S/A - EM RECUPERAÇÃO JUDICIAL
15423,ATOM EMPREENDIMENTOS E PARTICIPAÇÕES S.A.
16772,BNDES PARTICIPACOES S.A. - BNDESPAR
24880,LM TRANSPORTES INTERESTADUAIS SERVIÇOS E COMÉRCIO S.A.
24406,BANCO INTER S.A.
16209,ELETRON S.A.
14966,SERRA AZUL WATER PARK SA
22594,STATKRAFT ENERGIAS RENOVAVEIS S.A.
18589,INVESTCO S.A.
15091,LITEL PARTICIPACOES S.A.
20990,AMERICANAS S.A.
19577,CONC RODOVIA PRES. DUTRA S.A.
15253,ENERGISA S.A.
15199,SANTA CATARINA PART INVEST SA
15369,FERROVIA CENTRO-ATLANTICA S.A.
19208,CONC RIO-TERESOPOLIS S.A.
24937,LINHA AMARELA S.A. - LAMSA
15717,CAIXA ADM DIV PUB ESTADUAL SA
21733,CIELO S.A. -  INSTITUIÇÃO DE PAGAMENTO
15539,NEOENERGIA S.A.
15784,ELETROBRÁS PARTICIPAÇÕES S.A. - ELETROPAR
24660,BBM LOGÍSTICA S.A.
15865,ITAITINGA PARTICIPACOES S.A.
15709,RUMO MALHA SUL S.A.
15695,GRUCAI PARTICIPACOES S.A.
15741,WTC AMAZONAS SUITE HOTEL S.A.
17949,MRS LOGISTICA S.A.
16101,GAFISA S.A.
6041,INVESTIMENTOS BEMGE S.A.
19186,SANEAMENTO DE GOIAS SA
16292,BRF S.A.
16284,524 PARTICIPACOES S.A.
20133,BV LEASING - ARRENDAMENTO MERCANTIL S.A.
20044,CSU DIGITAL S.A.
23000,LIGHT ENERGIA S.A.
18708,CIA PARTICIPACOES ALIANCA DA BAHIA
16438,SUL 116 PARTICIPACOES S.A.
16497,EMPRESA NAC COM REDITO PART S.A.ENCORPAR
16551,WTC RIO EMPREEND. E PARTICIPAÇÕES S.A.
16527,RGE SUL DISTRIBUIDORA DE ENERGIA S.A.
16586,SUDESTE S.A.
16446,NUMERAL 80 PARTICIPAÇÕES S.A.
18287,VIRGO II COMPANHIA DE SECURITIZACAO
16659,PORTO SEGURO S.A.
16624,UPTICK PARTICIPACOES S.A.
16632,DEXXOS PARTICIPAÇÕES S.A.
16675,CEL PARTICIPAÇÕES S.A. - CELPAR
16705,YBYRÁ S.A.
19151,RDN CONCESSÕES E PARTICIPAÇÕES S.A.
19011,EMPRESA CONC RODOV DO NORTE S.A.ECONORTE
17868,INEPAR EQUIPAMENTOS E MONTAGENS S/A - EM RECUPERACAO JUDICIA
20443,TRANSNORDESTINA LOGISTICA SA
24813,LOCALIZA FLEET S.A.
19232,PRODUTORES ENERGET.DE MANSO S.A.- PROMAN
16985,EDP SÃO PAULO DISTRIBUIÇÃO DE ENERGIA S.A.
16993,EMAE - EMPRESA METROP.AGUAS ENERGIA S.A.
16942,OPPORTUNITY ENERGIA E PARTICIPACOES S.A. - EM LIQUIDAÇÃO
17485,ELEKTRO REDES S.A.
17434,LONGDIS S.A.
20800,TEGMA GESTAO LOGISTICA S.A.
24910,LOCAWEB SERVIÇOS DE INTERNET S.A.
24872,LIFEMED INDUSTRIAL DE EQUIP. E ART. MEDICOS E HOSP. S.A
18414,PADTEC HOLDING S.A.
23434,LIBRA TERMINAL RIO S.A. - EM RECUPERAÇÃO JUDICIAL
23469,PROLAGOS S/A - CONC.DE SERVICOS PÚBLICOS DE ÁGUA E ESGOTO
17450,RUMO S.A.
19364,ITAPEBI GERACAO DE ENERGIA S.A.
21024,CONC ROD.OESTE SP VIAOESTE S.A
24929,TIM S.A.
18660,CPFL ENERGIA S.A.
20192,CONC SIST ANHANG-BANDEIRANT S.A. AUTOBAN
17388,FUTURETEL S.A. - EM LIQUIDAÇÃO
17329,ENGIE BRASIL ENERGIA S.A.
17930,RUMO MALHA PAULISTA S.A.
23060,TRIÂNGULO DO SOL AUTO-ESTRADAS S.A.
20397,CONC ECOVIAS IMIGRANTES S.A.
22551,SOMOS EDUCAÇÃO S.A.
21857,CENTROVIAS-SISTEMAS RODOVIARIOS S/A
17639,TIM PARTICIPACOES S.A.
17671,TELEFÔNICA BRASIL S.A
17493,CAPITALPART PARTICIPACOES S.A.
17558,INNCORP S.A.
17540,NEWTEL PARTICIPACOES S.A.
18430,REAL AI PIC SEC DE CREDITOS IMOBILIARIO S.A.
18538,TERMINAL GARAGEM MENEZES CORTES S.A.
21822,AUTOVIAS S/A
18554,PAN ARRENDAMENTO MERCANTIL S.A.
19593,SANESALTO SANEAMENTO S.A.
18236,CONFIANZA SECURITIZADORA SA
17922,BRAZILIAN FINANCE E REAL ESTATE S.A.
17914,MMX MINERACAO E METALICOS S.A. - EM RECUPERAÇÃO JUDICIAL
17892,SANTOS BRASIL PARTICIPACOES S.A.
17884,BETAPART PARTICIPACOES S.A.
18406,OPEA SECURITIZADORA S.A.
18066,ALTERE SECURITIZADORA S.A.
17965,GAMA PARTICIPACOES S.A.
17973,COGNA EDUCAÇÃO S.A.
18821,CCR S.A.
22454,T4F ENTRETENIMENTO S.A.
20575,JBS S.A.
19771,ARTERIS S.A.
21431,HYPERA S.A.
20478,PDG REALTY S.A. EMPREEND E PARTICIPACOES
18333,PROMPT PARTICIPACOES S.A.
18368,RIO PARANAPANEMA ENERGIA S.A.
18376,CTEEP - CIA TRANSMISSÃO ENERGIA ELÉTRICA PAULISTA
19330,TPI - TRIUNFO PARTICIP. E INVEST. S.A.
23167,RODOVIAS DAS COLINAS S.A.
21849,CONCESSIONARIA DE RODOVIAS DO INTERIOR PAULISTA S/A
20010,EQUATORIAL ENERGIA S.A.
18597,DTCOM - DIRECT TO COMPANY S.A.
19879,LIGHT S.A.
14605,ENERGISA MATO GROSSO-DISTRIBUIDORA DE ENERGIA S/A
20001,XX DE NOVEMBRO INVESTIMENTOS E PARTICIPAÇÕES S.A.
19860,RB CAPITAL SECURITIZADORA S.A.
18775,INVESTIMENTOS E PARTICIP. EM INFRA S.A. - INVEPAR
18759,BRAZILIAN SECURITIES CIA SECURITIZACAO
19852,TERMOPERNAMBUCO S.A.
24490,SABER SERVIÇOS EDUCACIONAIS S.A.
18724,BRADESPAR S.A.
20788,MARFRIG GLOBAL FOODS S.A.
18953,CPFL GERACAO DE ENERGIA S.A.
19763,EDP - ENERGIAS DO BRASIL S.A.
19119,CABINDA PARTICIPACOES S.A.
19135,CACONDE PARTICIPACOES S.A.
19062,ANDRADE GUTIERREZ PARTICIPACOES S.A.
19100,ATMA PARTICIPAÇÕES S.A. - EM RECUPERAÇÃO JUDICIAL
19097,CAIANDA PARTICIPACOES S.A.
22799,SINQIA S.A.
23442,ÁGUAS GUARIROBA S.A
18970,AES TIETE ENERGIA SA
19453,ECORODOVIAS INFRAESTRUTURA E LOGÍSTICA S.A.
19275,CIA PIRATININGA DE FORCA E LUZ
19429,COMPANHIA PROVINCIA DE SECURITIZACAO
24015,NCF PARTICIPAÇÕES S/A
24740,COPEL GERAÇÃO E TRANSMISSÃO S.A.
21237,ENEVA S.A
21555,LOCAMÉRICA RENT-A-CAR S.A.
19224,NOVA ACAO PARTICIPACOES S.A.
19305,BIOMM S.A.
20613,METALFRIO SOLUTIONS S.A.
18309,EQUATORIAL PARÁ DISTRIBUIDORA DE ENERGIA S.A.
922,BCO AMAZONIA S.A.
9717,PORTUENSE FERRAGENS S/A
1171,BCO ESTADO DO PARA S.A.
23221,SER EDUCACIONAL S.A.
24708,NOVA TRANSPORTADORA DO SUDESTE S.A. - NTS
24392,HAPVIDA PARTICIPAÇÕES E INVESTIMENTOS S.A.
22683,CACHOEIRA PAULISTA TRANSMISSORA ENERGIA S.A.
21717,TARPON INVESTIMENTOS S.A.
24759,LITELA PARTICIPAÇÕES S.A. - EM LIQUIDAÇÃO
80047,WILSON SONS LTD.
24252,SMILES FIDELIDADE S.A.
20354,TERRA SANTA AGRO S.A.
22357,ALIANSCE SONAE SHOPPING CENTERS S.A.
19470,CSA-COMPANHIA SECURITIZADORA DE ATIVOS
24767,VENTOS DO SUL ENERGIA S.A.
24821,REDE D'OR SÃO LUIZ S.A.
21300,ALIANSCE SHOPPING CENTERS S.A.
19984,BRPR 56 SECURITIZADORA CRED IMOB S.A.
19569,GOL LINHAS AEREAS INTELIGENTES S.A.
16608,EQUATORIAL MARANHÃO DISTRIBUIDORA DE ENERGIA S.A.
22608,EMPREENDIMENTOS PAGUE MENOS S.A.
23035,LINX S.A.
19909,BR MALLS PARTICIPACOES S.A.
19925,BR PROPERTIES S.A.
20320,CEMIG GERACAO E TRANSMISSAO S.A.
20303,CEMIG DISTRIBUICAO S.A.
23981,CTC - CENTRO DE TECNOLOGIA CANAVIEIRA S.A.
19747,BETA SECURITIZADORA S.A.
18546,CAGECE - CIA DE AGUA E ESGOTO DO CEARA
23531,CLARO TELECOM PARTICIPAÇÕES S.A.
14869,CIA ENERGETICA DO CEARA - COELCE
19720,SECME - COMPANHIA SECURITIZADORA DE CRÉDITOS IMOBILIÁRIOS
20338,M.DIAS BRANCO S.A. IND COM DE ALIMENTOS
1228,BCO NORDESTE DO BRASIL S.A.
14168,CARBOMIL SA MINER. E INDUSTRIA
9520,PETROLEO LUB DO NORDESTE SA
24864,ENERGISA SUL-SUDESTE - DISTRIBUIDORA DE ENERGIA S/A
16268,MARINA DE IRACEMA PARK SA
22810,ELDORADO BRASIL CELULOSE S.A.
23965,CINESYSTEM S.A.
23264,AMBEV S.A.
20222,PLANETA SECURITIZADORA S.A.
24260,SMARTFIT ESCOLA DE GINÁSTICA E DANÇA S.A.
20036,BRASILAGRO - CIA BRAS DE PROP AGRICOLAS
20052,DINAMICA ENERGIA S.A.
20087,EMBRAER S.A.
19941,BRPR 55 SECURITIZADORA CRED IMOB S.A.
20966,SPRINGS GLOBAL PARTICIPACOES S.A.
20982,MULTIPLAN - EMPREEND IMOBILIARIOS S.A.
20630,CR2 EMPREENDIMENTOS IMOBILIARIOS S.A.
80020,"GP INVESTMENTS, LTD."
24473,JHSF MALLS S.A.
20257,TRANSMISSORA ALIANÇA DE ENERGIA ELÉTRICA S.A.
24902,MITRE REALTY EMPREENDIMENTOS E PARTICIPAÇÕES S.A.
20184,CCX CARVÃO DA COLÔMBIA S.A. - EM LIQUIDAÇÃO
25828,MOVIDA LOCAÇÃO DE VEÍCULOS S.A.
20435,TECNISA S.A.
23230,RAIZEN ENERGIA S.A.
20370,LPS BRASIL - CONSULTORIA DE IMOVEIS S.A.
23175,IGUA SANEAMENTO S.A.
20605,JHSF PARTICIPACOES S.A.
20770,EZ TEC EMPREEND. E PARTICIPACOES S.A.
18139,CIA ENERGETICA DO RIO GDE NORTE - COSERN
20915,MRV ENGENHARIA E PARTICIPACOES S.A.
21490,ALUPAR INVESTIMENTO S/A
4669,GUARARAPES CONFECCOES S.A.
11215,TECBLU TECELAGEM BLUMENAU S.A.
20540,CPFL ENERGIAS RENOVÁVEIS S.A.
20648,CIA ESTADUAL DE DISTRIB ENER ELET-CEEE-D
21709,CIA MINEIRA DE AÇUCAR E ALCOOL PARTICIPAÇÕES
21636,RENOVA ENERGIA S.A. - EM RECUPERAÇÃO JUDICIAL
21393,CIA CELG DE PARTICIPACOES - CELGPAR
24546,PRÁTICA KLIMAQUIP INDÚSTRIA E COMÉRCIO S.A.
21180,NEXPE PARTICIPAÇÕES S.A
20672,BRC SECURITIZADORA S.A.
21008,GENERAL SHOPPING E OUTLETS DO BRASIL BRASIL S.A.
20818,VIRGO COMPANHIA DE SECURITIZAÇÃO
23930,BRASILIANA PARTICIPAÇÕES S/A
23612,MAESTRO LOCADORA DE VEICULOS S.A.
21040,SYN PROP & TECH S.A.
21016,YDUQS PARTICIPACOES S.A.
21130,TRISUL S.A.
24104,CONCESSIONÁRIA DA RODOVIA MG-050 S.A.
23396,AEGEA SANEAMENTO E PARTICIPAÇÕES S.A.
21903,ECORODOVIAS CONCESSÕES E SERVIÇOS S.A.
80063,BCO PATAGONIA S.A.
21105,NOVA SECURITIZACAO S.A.
23493,DOMMO ENERGIA S.A.
21520,MULTINER S/A
21075,VISION SECURITIZADORA S.A.
23272,LOG COMMERCIAL PROPERTIES E PARTICIPAÇÕES
22560,INBRANDS S.A.
22225,TRANSBRASILIANA CONCESSIONÁRIA DE RODOVIA S.A
21938,ENERGISA PARAÍBA - DISTRIBUIDORA DE ENERGIA S/A
21342,OSX BRASIL S.A.
4685,CONPEL CIA NORDESTINA PAPEL - EM RECUPERAÇÃO JUDICIAL
23426,OMEGA GERAÇÃO S.A.
21814,FERROVIA NORTE SUL S/A
23248,ANIMA HOLDING S.A.
22519,TECHNOS S.A.
21628,HABITASEC SECURITIZADORA SA
24112,AZUL S.A.
21997,AUTOPISTA LITORAL SUL
22004,AUTOPISTA FLUMINENSE SA
21970,AUTOPISTA PLANALTO SUL SA
21989,AUTOPISTA FERNÃO DIAS SA
21962,AUTOPISTA REGIS BITTENCOURT SA
21610,"B3 S.A. - BRASIL, BOLSA, BALCÃO"
23388,SANTO ANTONIO ENERGIA S.A.
22446,K-INFRA RODOVIA DO AÇO S.A.
21512,ÁQUILLA SECURITIZADORA S.A.
21644,PDG COMPANHIA SECURITIZADORA
24279,INTER CONSTRUTORA E INCORPORADORA S.A.
22691,CIA LOCAÇÃO DAS AMÉRICAS
23680,LINHAS DE MACAPÁ TRANSMISSORA DE ENERGIA S/A
23671,LINHAS DE XINGU TRANSMISSORA DE ENERGIA S/A
22144,CONCESSÃO METROVIÁRIA DO RIO DE JANEIRO S.A.
22179,AFLUENTE TRANSMISSÃO DE ENERGIA ELÉTRICA S/A
21725,ADVANCED DIGITAL HEALTH MEDICINA PREVENTIVA S.A.
21750,INFRASEC SECURITIZADORA S.A.
23329,TERMELÉTRICA PERNAMBUCO III S.A.
22268,CONC AUTO RAPOSO TAVARES S.A.
21920,BARI SECURITIZADORA S.A.
22187,PETRO RIO S.A.
22543,VIARONDON CONCESSIONÁRIA DE RODOVIA S.A.
22071,CONC ROTA DAS BANDEIRAS S.A.
22926,VIABAHIA CONCESSIONÁRIA DE RODOVIAS SA
22721,CONC RODOVIAS DO TIETÊ S.A.- EM RECUPERAÇÃO JUDICIAL
21741,ECO SECURITIZADORA DIREITOS CRED AGRONEGÓCIO S.A.
23310,CVC BRASIL OPERADORA E AGÊNCIA DE VIAGENS S.A.
14362,CIA ENERGETICA DE PERNAMBUCO - CELPE
22411,CONC ROD AYRTON SENNA E CARV PINTO S.A.-ECOPISTAS
24350,FLEX GESTÃO DE RELACIONAMENTOS S.A.
21946,MULTIPLUS S.A.
23710,BR HOME CENTERS S.A.
23132,BSI CAPITAL SECURITIZADORA S.A.
22080,COMPANHIA PAULISTA DE SECURITIZAÇÃO
23604,YOU INC INCORPORADORA E PARTICIPAÇÃO S.A
22500,MASSA FALIDA DA BRASIL PHARMA S.A.
22365,ENAUTA PARTICIPAÇÕES S.A.
22420,TRX SECURITIZADORA S.A.
22217,ALPER CONSULTORIA E CORRETORA DE SEGUROS S.A.
25135,BOA VISTA SERVIÇOS S.A.
22497,QUALICORP CONSULTORIA E CORRETORA DE SEGUROS S.A.
21067,MOURA DUBEUX ENGENHARIA S/A
22276,TRUE SECURITIZADORA S.A.
22390,OCTANTE SECURITIZADORA S.A.
22160,POLO CAPITAL SECURITIZADORA S.A
22250,ORE  SECURITIZADORA SA
22977,FERREIRA GOMES ENERGIA S.A.
22675,HIDROVIAS DO BRASIL S.A.
24376,HRH ILHA DO SOL EMPREENDIMENTOS IMOBILIÁRIOS SPE S/A
24066,TCP TERMINAL DE CONTEINERES DE PARANAGUA SA
22489,FORTE SECURITIZADORA S.A.
1120,BCO ESTADO DE SERGIPE S.A. - BANESE
18996,ENERGISA SERGIPE - DISTRIBUIDORA DE ENERGIA S/A
24694,GRUPO SBF S.A.
22802,REIT SECURITIZADORA S/A
22586,MLOG S.A.
24287,BRASIL SECURITIZADORA S/A
24317,ZAMP SA
23957,SUGOI S.A.
4359,ELEKEIROZ S.A.
22667,NAOMI PARTICIPAÇÕES S.A.
22659,NOAH PARTICIPAÇÕES S.A.
1597,PARTICIPAÇÕES INDUST. DO NORDESTE S.A.
23019,FONTAINE VILLE PARTICIPAÇÕES S/A
20729,PARANA BCO S.A.
12696,SANSUY S.A. INDUSTRIA DE PLASTICOS
22764,GAIA IMPACTO SECURITIZADORA S.A.
23620,CBO HOLDING S.A.
22853,FRIGOL FOODS PARTICIPAÇÕES S.A.
21156,J. MACEDO S.A.
80152,PPLA PARTICIPATIONS LTD.
4863,CORREA RIBEIRO S.A. COMERCIO E INDUSTRIA
11398,TRONOX PIGMENTOS DO BRASIL S.A.
14524,CIA ELETRICIDADE EST. DA BAHIA - COELBA
3069,CIA FERRO LIGAS DA BAHIA - FERBASA
3115,CIA SEGUROS ALIANCA DA BAHIA
503711,ÓLEOS DE PALMA S.A. AGROINDUSTRIAL
23353,CAPITALE SECURITIZADORA DE CRÉDITO S/A
23906,NASA SECURITIZADORA S.A.
5576,ENERGISA MATO GROSSO DO SUL - DIST DE ENERGIA S.A.
23582,ECO101 CONCESSIONÁRIA DE RODOVIAS S.A.
23540,SALUS INFRAESTRUTURA PORTUARIA SA
22845,BIOSEV S.A.
23515,CONC DO AEROPORTO INTERNACIONAL DE GUARULHOS S.A.
22861,MBK SECURITIZADORA SA
8745,METANOR SA METANOL DO NE
13986,SUZANO S.A.
22349,AREZZO INDÚSTRIA E COMÉRCIO S.A.
21350,DIRECIONAL ENGENHARIA S.A.
19739,LOCALIZA RENT A CAR S.A.
2453,CIA ENERGETICA DE MINAS GERAIS - CEMIG
5983,FIACAO E TECELAGEM SAO JOSE SA EM RECUPERACAO JUDICIAL
8818,MINASMAQUINAS S.A.
4782,MENDES JUNIOR ENGENHARIA S.A.
9954,ALFA HOLDINGS S.A.
3891,FINANCEIRA ALFA S.A.- CRED FINANC E INVS
1325,BCO MERCANTIL DO BRASIL S.A.
4707,CONSORCIO ALFA DE ADMINISTRACAO S.A.
23370,FTL - FERROVIA TRANSNORDESTINA LOGÍSTICA S.A.
3077,CIA FIACAO TECIDOS CEDRO CACHOEIRA
19445,CIA SANEAMENTO DE MINAS GERAIS-COPASA MG
23574,INTERNATIONAL MEAL COMPANY ALIMENTACAO S.A.
23159,BB SEGURIDADE PARTICIPAÇÕES S.A.
23485,COSAN LOGISTICA S.A.
23523,PORTO SUDESTE V.M. S.A.
23868,CONCEBRA - CONCESSIONARIA DAS RODOVIAS CENTRAIS DO BRASIL
24236,PRINER SERVIÇOS INDUSTRIAIS S.A.
23744,RENOVA COMPANHIA SECURITIZADORA DE CRÉDITOS FINANCEIROS S.A.
23884,ECO050 CONCESSIONÁRIA DE RODOVIAS S.A.
24775,BCBF PARTICIPAÇÕES S.A.
22942,MGI - MINAS GERAIS PARTICIPAÇÕES S.A.
24090,INSTITUTO HERMES PARDINI S.A.
23922,CONCESSIONÁRIA ROTA DO OESTE S.A.
3395,CIA INDUSTRIAL CATAGUASES
24155,COMPANHIA ENERGÉTICA SINOP S/A
3271,ENERGISA MINAS RIO - DISTRIBUIDORA DE ENERGIA S/A
23833,CONCESSIONÁRIA DE RODOVIA SUL-MATOGROSSENSE S.A.
80179,BIOTOSCANA INVESTMENTS S.A.
23892,CONCESSIONÁRIA BR-040 S.A.
23477,LOGOS COMPANHIA SECURITIZADORA S/A
24384,NOTRE DAME INTERMÉDICA PARTICIPAÇÕES S.A.
23507,OURO FINO SAUDE ANIMAL PARTICIPACOES S.A.
23760,BLUM COMPANHIA DE SECURITIZAÇÃO DE CRÉDITOS S.A
24040,GAIA CRED SECURITIZADORA DE CRÉDITOS FINANCEIROS S/A.
3450,COMPANHIA ITAUNENSE ENERGIA E PARTICIPAÇÕES
4081,CIA TECIDOS SANTANENSE
23701,ENCALSO PARTICIPAÇÕES EM CONCESSÕES S/A
23825,MOVIDA PARTICIPACOES SA
23558,LEADS CIA. SECURITIZADORA
23566,FORTUNATO SECURITIZADORA S/A
24163,PACIFIC RDSL PARTICIPAÇÕES S.A.
23850,BTGI QUARTZO PARTICIPAÇÕES S/A
24538,RUGE SECURITIZADORA DE CRÉDITOS FINANCEIROS S.A.
23841,BTGI SAFIRA PARTICIPAÇÕES S/A
23639,FINSBURY PARTICIPAÇÕES S.A.
24139,CONCESSIONÁRIA PONTE RIO-NITERÓI S.A. - ECOPONTE
25178,COMPANHIA DE GÁS DE MINAS GERAIS - GASMIG
20621,FERTILIZANTES HERINGER S.A.
23698,SENECA COMPANHIA SECURITIZADORA
23795,CAIXA SEGURIDADE PARTICIPAÇÕES S.A.
3158,CIA TECIDOS NORTE DE MINAS COTEMINAS
14133,TEC TOY S.A.
23949,COMPANHIA CARIOCA DE SECURITIZAÇÃO S.A. - RIO SECURITIZAÇÃO
25623,RIO PARANA ENERGIA S.A.
24716,"VAMOS LOCAÇÃO DE CAMINHÕES, MÁQUINAS E EQUIPAMENTOS S.A."
24309,VENTURE CAPITAL PARTICIPAÇÕES E INVESTIMENTOS S/A
24830,BRK AMBIENTAL PARTICIPAÇÕES S.A.
24210,ARGO TRANSMISSÃO DE ENERGIA S/A
24120,ARGO ENERGIA EMPREENDIMENTOS E PARTICIPAÇÕES S/A
15300,RUMO MALHA NORTE S.A.
23990,VERT COMPANHIA SECURITIZADORA
23809,COMPANHIA DE SANEAMENTO DO TOCANTINS - SANEATINS
24082,TRAVESSIA SECURITIZADORA S.A.
24341,ENTREVIAS CONCESSIONÁRIA DE RODOVIAS S.A.
24457,EQUATORIAL TRANSMISSORA 7 SPE S.A.
22012,"MILLS LOCAÇÃO, SERVIÇOS E LOGÍSTICA S.A."
24147,CIA SEC CRED FIN CARTÕES CONSIG BMG
24333,TOKE INVEST SECURITIZADORA S.A
24481,EQUATORIAL TRANSMISSORA 8 SPE S.A.
25607,VIAPAULISTA S.A.
1155,BANESTES S.A. - BCO EST ESPIRITO SANTO
15342,EDP ESPIRITO SANTO DISTRIBUIÇÃO DE ENERGIA S.A.
20958,BCO ABC BRASIL S.A.
24589,ENERGISA TRANSMISSÃO DE ENERGIA S/A
24368,RIOLOAN 2 COMPANHIA SECURITIZADORA DE CRÉDITOS FINANCEIROS
24422,COMPANHIA ENERGÉTICA JAGUARA
24430,COMPANHIA ENERGÉTICA MIRANDA
24686,ROMAXIS SECURITIZADORA S.A.
13781,SAO CARLOS EMPREEND E PARTICIPACOES S.A.
24570,COPISEC SECURITIZADORA DE CRÉDITOS FINANCEIROS S.A.
24899,CONSIGNADOS I COMPANHIA SECURITIZADORA CRÉDITOS FINANCEIROS
22985,NORTEC QUÍMICA S.A.
21121,SUL AMERICA S.A.
24511,COMPANHIA SECURITIZADORA DE CRÉDITOS FINANCEIROS VERT-REBEL
22616,BCO BTG PACTUAL S.A.
24619,ESTTEIO COMPANHIA SECURITIZADORA DE CRÉDITOS
24520,COMPANHIA SECURITIZADORA DE CRÉD. FINANCEIROS VERT-NEXOOS
13366,HAGA S.A. INDUSTRIA E COMERCIO
24635,RHC SECURITIZADORA DE CRÉDITOS S/A
24562,GUARDIAN COMPANHIA SECURITIZADORA
24597,CELEO REDES TRANSMISSÃO DE ENERGIA S.A.
24643,CASA DE PEDRA SECURITIZADORA DE CREDITO S/A
24651,CONTAGEM SECURITIZADORA DE CRÉDITOS S.A.
24732,FILADÉLFIA SECURITIZADORA S/A
24678,SLOT URBANISMO S/A
24724,COBUCCIO SECURITIZADORA DE CRÉDITOS S.A.
21202,VIX LOGÍSTICA S/A
9512,PETROLEO BRASILEIRO S.A. PETROBRAS
8087,LOJAS AMERICANAS S.A.
7811,JOAO FORTES ENGENHARIA S.A. - EM RECUPERAÇÃO JUDICIAL
8540,CREDITAQUI FINANCEIRA S.A. - C.F.I.
6505,VIA S.A.
4030,CIA SIDERURGICA NACIONAL
3050,AMPLA ENERGIA E SERVICOS S.A.
3824,CIA PAULISTA DE FORCA E LUZ
8893,MONTEIRO ARANHA S.A.
11207,TECNOSOLO ENGENHARIA S.A. - EMPRESA EM RECUPERAÇÃO JUDICIAL
20028,VALID SOLUÇÕES S.A.
6700,HOTEIS OTHON S.A. - EM RECUPERAÇÃO JUDICIAL
11070,WLM PART. E COMÉRCIO DE MÁQUINAS E VEÍCULOS S.A.
18465,ULTRAPAR PARTICIPACOES S.A.
16373,CIA ESTADUAL DE ÁGUAS E ESGOTOS - CEDAE
24180,IRB - BRASIL RESSEGUROS S.A.
10880,SONDOTECNICA ENGENHARIA SOLOS S.A.
9989,REFINARIA DE PETROLEOS MANGUINHOS S.A.
11231,TEKNO S.A. - INDUSTRIA E COMERCIO
3328,CIA HIDRO ELÉTRICA DO SÃO FRANCISCO
4170,VALE S.A.
3980,GERDAU S.A.
16616,CIA DISTRIB DE GAS DO RIO DE JANEIRO-CEG
11592,UNIPAR CARBOCLORO S.A.
1309,BCO MERCANTIL DE INVESTIMENTOS S.A.
1724,BMG LEASING S.A. - ARREND. MERCANTIL
24295,VIBRA ENERGIA S/A
23302,QUALITY SOFTWARE S.A.
23817,BRQ SOLUCOES EM INFORMATICA S.A.
17850,RUMO MALHA OESTE S.A.
4820,BRASKEM S.A.
20710,LOG-IN LOGISTICA INTERMODAL S.A.
23590,WIZ SOLUÇÕES E CORRETAGEM DE SEGUROS S.A.
15458,EMBPAR PARTICIPAÇÕES S/A
24058,CENTRO DE IMAGEM DIAGNOSTICOS S.A.
6815,IGB ELETRONICA S.A - EM RECUPERACAO JUDICIAL
20524,EVEN CONSTRUTORA E INCORPORADORA S.A.
14443,CIA SANEAMENTO BASICO EST SAO PAULO
24848,C&A MODAS S.A.
20346,PROFARMA DISTRIB PROD FARMACEUTICOS S.A.
701,BAHEMA EDUCAÇÃO S.A.
4774,CONSTRUTORA LIX DA CUNHA S.A.
16241,SOCIEDADE ABASTECIMENTO DE ÁGUA E SANEAMENTO S.A - SANASA
20559,SANTANDER LEASING S.A. ARRENDAMENTO MERCANTIL
14826,CIA BRASILEIRA DE DISTRIBUICAO
19640,BRADESCO LEASING S.A. ARREND MERCANTIL
22470,MAGAZINE LUIZA S.A.
20877,HELBOR EMPREENDIMENTOS S.A.
21440,RESTOQUE COMÉRCIO E CONFECÇÕES DE ROUPAS S.A.
12190,BOMBRIL S.A.
19836,COSAN S.A.
11762,VULCABRAS S.A.
21334,NUTRIPLANT INDUSTRIA E COMERCIO S.A.
20494,IGUATEMI EMPRESA DE SHOPPING CENTERS S.A
20516,SAO MARTINHO S.A.
13471,PLASCAR PARTICIPACOES INDUSTRIAIS S.A.
22020,JSL S.A.
19992,TOTVS S.A.
12530,ITAUTEC S.A. - GRUPO ITAUTEC
14850,HAUSCENTER SA
5770,EUCATEX S.A. INDUSTRIA E COMERCIO
7510,ROMI S.A.
1694,BICICLETAS MONARK S.A.
20125,ODONTOPREV S.A.
24627,BLAU FARMACÊUTICA S.A.
14346,WHIRLPOOL S.A.
21199,BCO PAN S.A.
13447,POLPAR S.A.
9393,PARANAPANEMA S.A. - EM RECUPERAÇÃO JUDICIAL
8036,LIGHT SERVICOS DE ELETRICIDADE S.A.
8575,MAHLE-METAL LEVE S.A.
10472,SARAIVA LIVREIROS S.A. - EM RECUPERAÇÃO JUDICIAL
8672,IGUATEMI S.A.
12319,BLUE TECH SOLUTIONS EQI S.A.
12793,FIBRIA CELULOSE S.A.
9067,SUZANO HOLDING S.A.
3654,CIA MELHORAMENTOS DE SAO PAULO
906,BCO BRADESCO S.A.
1384,BCO ALFA DE INVESTIMENTO S.A.
21881,FLEURY S.A.
1520,BARDELLA S.A. INDUSTRIAS MECANICAS EM RECUPERAÇÃO JUDICIAL
19348,ITAU UNIBANCO HOLDING S.A.
9083,NORDON INDUSTRIAS METALURGICAS S.A.
14320,USINAS SID DE MINAS GERAIS S.A.-USIMINAS
2577,CESP - CIA ENERGETICA DE SAO PAULO
4723,CONSTRUTORA ADOLPHO LINDENBERG S.A.
20885,BCO INDUSVAL S.A.
8397,MANGELS INDUSTRIAL S.A.
16306,ROSSI RESIDENCIAL S.A. - EM RECUPERAÇÃO JUDICIAL
9040,NADIR FIGUEIREDO IND E COM S.A.
10456,ALPARGATAS S.A.
4448,COBRASMA S.A.
8427,MANUFATURA DE BRINQUEDOS ESTRELA S.A.
2100,CAMBUCI S.A.
5762,ETERNIT S.A. - EM RECUPERAÇÃO JUDICIAL
14923,SANTHER FAB DE PAPEL STA THEREZINHA S.A.
11932,IOCHPE MAXION S.A.
12823,SIDERURGICA J. L. ALIPERTI S.A.
24600,BANCO BMG S/A
22055,MARISA LOJAS S.A.
11975,AZEVEDO E TRAVASSOS S.A.
1562,BAUMER S.A.
19623,DIAGNOSTICOS DA AMERICA S.A.
7617,ITAÚSA S.A.
3190,REDE ENERGIA PARTICIPAÇÕES S.A.
5258,RAIA DROGASIL S.A.
14176,ELETROPAULO METROP. ELET. SAO PAULO S.A.
15636,CIA GAS DE SAO PAULO - COMGAS
9415,SAO PAULO TURISMO S.A.
20567,BCO PINE S.A
20796,BCO DAYCOVAL S.A.
21466,BANCO RCI BRASIL S.A.
24228,CAMIL ALIMENTOS S.A.
14214,DIBENS LEASING S.A. - ARREND.MERCANTIL
20451,RNI NEGÓCIOS IMOBILIÁRIOS S.A.
20702,VIVER INCORPORADORA E CONSTRUTORA S.A.
20931,MINERVA S.A.
15121,CCB BRASIL ARRENDAMENTO MERCANTIL S.A.
21032,ALGAR TELECOM S/A
21148,CONSTRUTORA TENDA S.A.
19550,NATURA COSMETICOS S.A.
14460,CYRELA BRAZIL REALTY S.A.EMPREEND E PART
14303,SNB PARTICIPACOES SA
15024,FENICIAPAR S/A
24171,ATACADÃO S.A.
23280,OURO VERDE LOCAÇÃO E SERVIÇO S.A.
14311,CIA PARANAENSE DE ENERGIA - COPEL
18627,CIA SANEAMENTO DO PARANA - SANEPAR
11312,OI S.A. - EM RECUPERAÇÃO JUDICIAL
7595,INEPAR S.A. INDUSTRIA E CONSTRUCOES EM RECUPERACAO JUDICIAL
14761,CIA HERING
8605,METALGRAFICA IGUACU S.A.
20362,POSITIVO TECNOLOGIA S.A.
16861,CIA CATARINENSE DE AGUAS E SANEAM.-CASAN
11223,TEKA-TECELAGEM KUEHNRICH S.A. - EM RECUPERAÇÃO JUDICIAL
4146,KARSTEN S.A.
8117,LOJAS HERING S.A.
5380,ELECTRO ACO ALTONA S.A.
3549,CIA INDUSTRIAL SCHLOSSER S.A.
7544,TEXTIL RENAUXVIEW S.A.
13773,PBG S/A
2461,CENTRAIS ELET DE SANTA CATARINA S.A.
5410,WEG S.A.
6343,TUPY S.A.
5207,DOHLER S.A.
11991,WETZEL S.A.
14664,SCHULZ S.A.
15407,PORTO PONTA DO FELIX S/A
13439,METALURGICA RIOSULENSE S.A.
8753,METISA METALURGICA TIMBOENSE S.A.
19658,POMIFRUTAS S/A EM RECUPERACAO JUDICIAL
10561,SEIVA S.A. - FLORESTAS E INDÚSTRIAS
13285,JOSAPAR-JOAQUIM OLIVEIRA S.A. - PARTICIP
3298,CIA HABITASUL DE PARTICIPACOES
6211,FRAS-LE S.A.
5312,MUNDIAL S.A. - PRODUTOS DE CONSUMO
8451,MARCOPOLO S.A.
9539,PETTENATI S.A. INDUSTRIA TEXTIL
14109,RANDON S.A. IMPLEMENTOS E PARTICIPACOES
20745,SLC AGRICOLA S.A.
20060,LUPATECH S.A. - EM RECUPERAÇÃO JUDICIAL
12653,KLABIN S.A.
13030,CONSTRUTORA SULTEPA S.A. - EM RECUPERAÇÃO JUDICIAL
19615,GRENDENE S.A.
13765,MINUPAR PARTICIPACOES S.A.
20532,BCO SANTANDER (BRASIL) S.A.
22780,UNICASA INDÚSTRIA DE MÓVEIS S.A.
12572,RECRUSUL S.A.
24201,STARA S.A. - INDÚSTRIA DE IMPLEMENTOS AGRÍCOLAS
6076,"DM FINANCEIRA S.A. - CRÉDITO, FINANCIAMENTO E INVESTIMENTO"
7870,KEPLER WEBER S.A.
4537,GRAZZIOTIN S.A.
8192,TREVISA INVESTIMENTOS S.A.
9342,DIMED S.A. DISTRIBUIDORA DE MEDICAMENTOS
8656,METALURGICA GERDAU S.A.
94,PANATLANTICA S.A.
1210,BCO ESTADO DO RIO GRANDE DO SUL S.A.
3204,CIA ESTADUAL DE TRANSMISSÃO DE ENERGIA ELETRICA - CEEE-T
15822,BANRISUL ARMAZENS GERAIS SA
6629,HERCULES S.A. FABRICA DE TALHERES
8133,LOJAS RENNER S.A.
6173,TAURUS ARMAS S.A.
2429,IRANI PAPEL E EMBALAGEM S.A.
16748,CIA RIOGRANDENSE DE SANEAMENTO
10960,SPRINGER S.A.
24554,BANRISUL SOLUÇÕES EM PAGAMENTOS S.A. - INSTITUIÇÃO DE PAGAME
13854,CEMEPE INVESTIMENTOS S.A.
1570,EXCELSIOR ALIMENTOS S.A.
4693,CONSERVAS ODERICH S.A.
21091,DEXCO S.A.
14451,CIA ENERGETICA DE BRASILIA
14621,NET SERVIÇOS DE COMUNICAÇÃO S.A.
14680,PARCOM PARTICIPACOES S.A. - EM LIQUIDAÇÃO
14796,FORPART S.A. - EM LIQUIDAÇÃO
14915,GTD PARTICIPACOES SA
15261,SAUIPE SA
15377,HOPI HARI SA
15652,COMERCIAL QUINTELLA COM EXP SA EM LIQUIDAÇÃO
21733,CIELO S.A.
15709,FERROVIA SUL-ATLANTICO S.A.
18910,ITA ENERGETICA S/A
15849,ENERGIPAR PARTICIPAÇÕES S.A.
20893,REDECARD S/A
16330,521 PARTICIPACOES S.A. - EM LIQUIDAÇÃO EXTRAJUDICIAL
16233,BELAPART SA
17590,CONCES DA ROD OSÓRIO-POA S/A - CONCEPA
16195,AMERICEL SA
16225,VALETRON SA
16390,TAM S.A.
20044,CSU CARDSYSTEM S.A.
19313,AES ELPA S.A.
16535,RIO GRANDE ENERGIA SA
18287,CIBRASEC - COMPANHIA BRASILEIRA DE SECURITIZACAO
18678,TELEMAR PARTICIPAÇÕES SA
16560,BONAIRE PARTICIPACOES S.A. - EM LIQUIDAÇÃO
16691,LIGA FUTEBOL SA
19151,RODONORTE - CONC. ROD. INTEGRADAS S.A.
17868,INEPAR EQUIPAMENTOS E MONTAGENS S/A
17787,SUBESTAÇÃO ELETROMETRÔ S/A
16950,DALETH PARTICIPAÇÕES SA - EM LIQUIDAÇÃO
17043,FG TRUST SA
17370,METALTRUST S/A (5212 PARTICIPAÇÕES S/A)
16942,OPPORTUNITY ENERGIA E PARTICIPACOES S.A.
17337,RET PARTICIPACOES S.A.
17361,ZAIN PARTICIPACOES S.A.
21830,VIANORTE S/A
17442,LF TEL SA
17388,FUTURETEL S.A.
17418,TELINVEST S.A.
17779,MAORI SA
17647,EMBRATEL PARTICIPAÇÕES SA
17604,TELE NORTE CELULAR PARTICIPAÇÕES SA
17493,CAPITALPART PARTICIPAÇÕES SA
18236,PATRIA CIA SECURITIZADORA DE CRED IMOB
18406,RB SEC COMPANHIA DE SECURITIZAÇÃO
18104,AETATIS SECURITIZADORA S.A.
18112,COMPANHIA DE BEBIDAS DAS AMÉRICAS-AMBEV
18902,VICUNHA SIDERURGIA SA
20478,PDG REALTY S.A. EMPREEND E PARTICIPACOES - EM REC JUDICIAL
18716,CEMIG TELECOMUNICAÇÕES S.A.
18350,AES TIETE SA
18929,MACHADINHO ENERGÉTICA SA
18872,RIOEST ESTACIONAMENTOS SA
19437,ANDRADE GUTIERREZ CONCESSOES S.A.
18651,ARAUCÁRIA PARTICIPAÇÕES SA
19100,ATMA PARTICIPAÇÕES S.A.
19070,DOMMO EMPREENDIMENTOS IMOBILIÁRIOS S.A
22799,SENIOR SOLUTION S.A.
18961,ANHANGUERA EDUCACIONAL PARTICIPAÇÕES S.A.
19380,BRPR 53 SECURITIZADORA DE CRÉDITOS IMOBILIÁRIOS S.A.
19356,REC SÃO BERNARDO SECURITIZADORA DE CRÉDITOS IMOBILIÁRIOS S.A
21555,UNIDAS S.A.
19240,CIA DE RECUPERAÇÃO SECUNDÁRIA
19607,BAESA-ENERGETICA BARRA GRANDE SA
19372,BRPR 51 SECURITIZADORA DE CRÉDITOS IMOBILIÁRIOS S.A.
19402,GLOBAL BRASIL SA
19518,PIPA CIA SECURITIZADORA DE CRÉDITOS IMOBILIÁRIOS
19542,FIBRA CIA SECURITIZADORA CRED IMOB
19585,UNIVER CIDADE TRUST DE RECEBIVEIS SA
19526,TESLA COMPANHIA SECURITIZADORA DE CRÉDITOS
19810,BRPR 44 SECURITIZADORA DE CRÉDITOS IMOBILIÁRIOS S.A.
19917,TEMPO PARTICIPAÇOES S/A
19976,BRPR 52 SECURITIZADORA DE CRÉDITOS IMOBILIÁRIOS S.A.
19895,BRPR 45 SECURITIZADORA DE CRÉDITOS IMOBILIÁRIOS S.A.
19690,BTG PACTUAL SECURITIZADORA S.A
19704,B.I. COMPANHIA SECURITIZADORA S/A
19720,BRAZIL REALTY CIA SECURIT. CRÉD. IMOBILIÁRIOS
11606,UNITEXTIL - UNIAO INDUSTRIAL TEXTIL S/A
19933,ITAUSEG PARTICIPAÇÕES SA
5991,VICUNHA TEXTIL SA
20079,UNI CIDADE SPTRUST DE RECEBÍVEIS SA
21113,BANCO INDUSTRIAL E COMERCIAL S/A
20150,AFLUENTE G&T DE ENERGIA ELÉTRICA S/A
20265,BROOKFIELD INCORPORAÇÕES S.A.
20214,AMPLA INVESTIMENTOS E SERVIÇOS S/A
20230,ACRUX SECURITIZADORA S/A
20419,ONE PROPERTIES S.A.
20176,CENTENNIAL ASSET PART. MINAS-RIO S/A
20168,ÓLEO E GÁS PARTICIPAÇÕES S.A.
20460,TFA SECURITIZADORA S/A
22330,RJ CAPITAL PARTNERS S.A.
21539,REP REAL ESTATE PARTNERS DESENV IMOB SA
21180,BRASIL BROKERS PARTICIPACOES S.A.
20834,SETIBA PARTICIPAÇÕES S/A
20850,ALLIS PARTICIPAÇÕES S.A.
20842,MAGNESITA REFRATARIOS S.A.
20907,BHG S.A. - BRAZIL HOSPITALITY GROUP
21482,PRUMO LOGISTICA SA
20818,ISEC SECURITIZADORA S.A.
21040,CYRELA COMMERCIAL PROPERT S.A. EMPR PART
21245,CENTENNIAL ASSET PARTICIPAÇÕES AÇU S.A.
80071,COSAN LIMITED
21059,MATONE SECURITIZADORA S/A
80098,LAEP INVESTMENTS LTD
22438,INTERNATIONAL MEAL COMPANY HOLDINGS S/A
80080,AGRENCO LIMITED
22110,OMEGA ENERGIA RENOVÁVEL S/A
21261,MONTICIANO PARTICIPAÇÕES S/A
21792,CETIP S.A. - BALCÃO ORGANIZADO DE ATIVOS E DERIVATIVOS
21563,BERNA PARTICIPAÇÕES SA
22446,K INFRA RODOVIA DO AÇO S.A
21601,BASEL PARTICIPAÇÕES S/A
21580,BELMONTE PARTICIPAÇÕES SA
21644,PDG COMPANHIA SECURITIZADORA - EM RECUPERAÇÃO JUDICIAL
21806,AGV HOLDING S/A
21652,CTX PARTICIPAÇÕES S/A
21687,INVITEL LEGACY SA - EM LIQUIDAÇÃO
22535,COPERSUCAR S.A.
21695,NPF SECURITIZADORA S/A
22047,METROPOLIS EMPREENDIMENTOS IMOBILIÁRIOS S/A
21865,BRAZAL BRASIL ALIMENTOS SA
21776,CENTENNIAL ASSET PARTICIPAÇÕES SUDESTE S/A
21784,EBX BRASIL S.A.
22039,BOLERO PARTICIPAÇÕES S/A
22101,AQUA-RIO S/A
22500,BRASIL PHARMA S.A.
21954,3A COMPANHIA SECURITIZADORA
80110,DUFRY A.G.
22136,TEREOS INTERNACIONAL S/A
22756,SAAG INVESTIMENTOS S.A.
22284,MCM CIMENTOS S/A
22195,ROPASC PARTICIPAÇÕES S.A.
22209,PASCRO PARTICIPAÇÕES S.A.
22870,COMPANHIA AURIFERA BRASILEIRA S.A.
22128,REDENTOR ENERGIA S/A
22250,OURINVEST SECURITIZADORA SA
23086,INTERMULTIMODAL S.A.
23078,EOX ENERGIA EÓLICA S.A.
23027,LOUCOS POR FUTEBOL S.A.
23094,UTILIUM PARTICIPAÇÕES S.A.
23043,INTELLECTUAL SERVICES S.A - GESTÃO DE ATIVOS DO CONHECIMENTO
22837,DROGARIAS AMERICANAS S.A.
22314,CÁSPIO PARTICIPAÇÕES S/A
22322,VOSTOK PARTICIPAÇÕES SA
22462,MÊNFIS PARTICIPAÇÕES S.A.
22292,STEIN SP II PARTICIPAÇÕES S.A.
22900,PLAY BEVERAGE SOUTH AMERICA S.A.
22896,EKOPARKING S.A.
22888,INTERCOSMETIC HOLDING S.A.
22934,ATLETAS BRASILEIROS S.A.
22233,BRASIL PLURAL SECURITIZADORA S.A.
23124,COMPANHIA FERRIFERA BRASILEIRA S.A.
22748,PATMOS PARTICIPAÇÕES S.A.
22713,EGEU PARTICIPAÇÕES S.A.
22772,VIGOR ALIMENTOS S.A.
22802,REIT SECURITIZADORA DE RECEBÍVEIS IMOBILIÁRIOS S/A
22578,HARPIA ÔMEGA PARTICIPAÇÕES S.A.
9857,QGN PARTICIPAÇÕES SA
23051,TECNO WASTE S.A.
22918,ATIVOS BRASILEIROS S.A.
22705,BRASIL TRAVEL TURISMO E PARTICIPAÇÕES S.A.
22730,SEABRAS SERVIÇOS DE PETRÓLEO S.A
22640,NISA PARTICIPACOES S.A.
22632,BELEZA PARTICIPAÇÕES S.A.
80144,PACIFIC RUBIALES ENERGY CORP.
22969,RIO MONSARÁS PARTICIPAÇÕES S.A.
6955,IND AZULEJOS BAHIA SA
5983,FIACAO TEC SAO JOSE S.A.
3271,ENERGISA MINAS GERAIS - DISTRIBUIDORA DE ENERGIA S/A
4111,CACHOEIRA VELONORTE
22373,ELETROSOM S/A
20621,FERTILIZANTES HERINGER S.A. - EM RECUPERAÇÃO JUDICIAL
18490,CLARION S/A AGROINDUSTRIAL
11800,WEMBLEY SOCIEDADE ANÔNIMA
2062,CAFE SOLUVEL BRASILIA SA
15890,MERCANTIL DO BRASIL LEASING SA
22012,MILLS ESTRUTURAS E SERVIÇOS DE ENGENHARIA S.A.
12866,INDÚSTRIA VEROLME S.A. - IVESA
20508,TAIPE TRANCOSO EMPREENDIMENTOS S/A
12840,RIMET EMPREEND. INDS. E COMERCIAIS S/A
21377,BANCO INDUSTRIAL DO BRASIL
11320,TELEMAR NORTE LESTE SA
4057,SOUZA CRUZ SA
22829,CIMENTO TUPI S.A.
8540,MERCANTIL BRASIL FINANC S.A. C.F.I.
6505,VIA VAREJO S.A.
1201,BANCO BERJ S.A.
10596,SERGEN SERVS GERAIS DE ENG SA
3182,DOCAS INVESTIMENTOS SA
6696,HOTEIS E TURISMO GUANABARA SA
80128,LATAM AIRLINES GROUP S.A.
21172,AMIL PARTICIPAÇÕES S/A
17850,ALL - AMÉRICA LATINA LOGÍSTICA MALHA OESTE S.A.
14052,BFB LEASING S.A. ARRENDAMENTO MERCANTIL
12220,USINA COSTA PINTO SA ACUC ALC
16241,SOC.DE ABASTEC.DE ÁGUA E SANEAMENTO S.A.
12181,MARAMBAIA ENERGIA RENOVÁVEL SA
2488,CERAMICA CHIARELLI SA
19755,HSBC LEASING ARRENDAMENTO MERCANTIL (BRASIL) S/A
12262,JPSP INVESTIMENTOS E PARTICIPAÇÕES S/A
7510,INDUSTRIAS ROMI S.A.
14559,M&G POLIÉSTER SA
1686,PRÓ METALURGIA SA
19046,BROOKFIELD SÃO PAULO EMPREENDIMENTOS IMOBILIÁRIOS S.A.
22381,AUTOMETAL S.A.
9393,PARANAPANEMA S.A.
8672,JEREISSATI PARTICIPACOES S.A.
7978,LARK SA MAQ E EQUIPAMENTOS
12319,INDUSTRIAS J B DUARTE S.A.
4650,CONFAB INDUSTRIAL SA
20680,BANCO SOFISA SA
16306,ROSSI RESIDENCIAL S.A.
1970,BRASMOTOR SA
4758,CONSTRUTORA BETER SA
6017,FIBAM COMPANHIA INDUSTRIAL
19798,PARAMOUNT TEXTEIS INDUSTRIA E COMERCIO S/A
22993,COMPANHIA DE CRÉDITO FINANCIAMENTO E INVESTIMENTO RCI BRASIL
19844,SAFRA LEASING SA ARRENDAMENTO MERCANTIL
20753,BANCO CRUZEIRO DO SUL SA
20567,BCO PINE S.A.
20486,CAMARGO CORREA DESENVOLVIMENTO IMOBILIARIO SA
20389,TC SECURITIES CIA DE SECURITIZAÇÃO
20702,VIVER INCORP. E CONSTRUTORA S.A. - EM RECUPERAÇÃO JUDICIAL
518700,BRAMEX - BRASIL MERCANTIL S.A.
3336,CIA. IGUAÇU DE CAFÉ SOLÚVEL
20974,COMPANHIA PROVIDENCIA IND E COMERCIO
7595,INEPAR S.A. INDUSTRIA E CONSTRUCOES
2909,CIA CACIQUE CAFE SOLUVEL
15113,IGUACU CELULOSE PAPEL SA
20656,BEMATECH IND COM EQUIP ELETRONICOS SA
20141,CREMER SA
5827,FAB TECIDOS CARLOS RENAUX SA - EM RECUPERACAO JUDICIAL
2038,BUETTNER SA IND E COMERCIO - EM RECUPERAÇÃO JUDICIAL
3174,CIA DOCAS DE IMBITUBA
8486,MARISOL SA
11991,WETZEL S.A. EM RECUPERAÇÃO JUDICIAL
8648,METALURGICA DUQUE SA
15407,TERMINAIS PORTUARIOS PONTA DO FELIX S.A.
19658,POMIFRUTAS S/A
12858,DIGITEL SA INDUSTRIA ELETRONICA
13030,CONSTRUTORA SULTEPA S.A.
7064,IND MAQS AGRICOLAS FUCHS SA
6076,FINANSINOS S.A.- CREDITO FINANC E INVEST
13412,ÉVORA SA
3204,CIA ESTADUAL GER.TRANS.ENER.ELET-CEEE-GT
5150,DHB IND E COMERCIO SA
13790,SDV ADM-DE SHOPPING CENTERS SA
18279,RASIP AGRO PASTORIL SA
21091,DURATEX S.A.
26190,CARAMURU ALIMENTOS S.A.
26174,AES BRASIL OPERAÇÕES S.A.
26069,"ARMAC LOCAÇÃO, LOGÍSTICA E SERVIÇOS S.A."
20990,AMERICANAS S.A. - EM RECUPERAÇÃO JUDICIAL
25666,LG INFORMÁTICA S.A.
25577,EQUATORIAL GOIÁS DISTRIBUIDORA DE ENERGIA S.A.
25160,SEQUOIA LOGÍSTICA E TRANSPORTES S.A.
16705,YBYRÁ CAPITAL S.A.
26050,UNIFIQUE TELECOMUNICAÇÕES S.A.
26468,HOSPITAL ANCHIETA S.A.
25496,JALLES MACHADO S.A.
18554,"PAN FINANCEIRA S.A. - CRÉDITO, FINANCIAMENTO E INVESTIMENTO"
25780,PETRORECÔNCAVO S.A.
19879,LIGHT S.A. - EM RECUPERAÇÃO JUDICIAL
26476,AMMO VAREJO S.A.
26093,CLEAR SALE S.A.
25925,BIONEXO S.A.
24945,USINA TERMELÉTRICA PAMPA SUL S.A.
26166,GRUPO FARTURA DE HORTIFRUT S.A.
26301,UNIGEL PARTICIPAÇÕES S.A.
25895,LIVETECH DA BAHIA INDÚSTRIA E COMÉRCIO S.A.
25372,SENDAS DISTRIBUIDORA S.A.
25410,SBF COMÉRCIO DE PRODUTOS ESPORTIVOS S.A.
25003,SIMPAR S.A.
26425,AÇO VERDE DO BRASIL S.A
26557,DATORA PARTICIPAÇÕES E SERVIÇOS S.A.
26158,ESSENTIA PCHS S.A.
20630,FICA EMPREENDIMENTOS IMOBILIÁRIOS S.A.
80187,AURA MINERALS INC.
26026,DESKTOP S.A.
26590,AURA ALMAS MINERAÇÃO S.A.
26603,GSH CORP PARTICIPAÇÕES S.A.
25224,2W ECOBANK S.A.
25100,CURY CONSTRUTORA E INCORPORADORA S.A.
26115,GUARARAPES PAINÉIS S.A.
25585,CSN MINERAÇÃO S.A.
25500,BEMOBI MOBILE TECH S.A.
25348,ELFA MEDICAMENTOS S.A.
25470,MOSAICO TECNOLOGIA AO CONSUMIDOR S.A.
25534,OCEANPACT SERVIÇOS MARITIMOS S.A.
25798,KALLAS INCORPORAÇÕES E CONSTRUÇÕES S.A.
25712,GPS PARTICIPAÇÕES E EMPREENDIMENTOS S.A.
25976,YUNY INCORPORADORA HOLDING S.A.
25569,ELETROMIDIA S.A.
26271,ENVIRONMENTAL ESG PARTICIPAÇÕES S.A.
26719,MANAUS TRANSMISSORA DE ENERGIA S.A
24988,NORTE BRASIL TRANSMISSORA DE ENERGIA S.A.
25852,W2W E-COMMERCE DE VINHOS S.A.
25399,NEOGRID PARTICIPAÇÕES S.A.
22691,COMPANHIA DE LOCAÇÃO DAS AMÉRICAS
25011,GRUPO DE MODA SOMA S.A.
26140,GETNET ADQ E SERV PARA MEIOS DE PAGTO S.A. - INST PAGTO
25941,PRIVALIA BRASIL S.A.
25437,URBA DESENVOLVIMENTO URBANO S.A.
22187,PRIO S.A.
25860,BR ADVISORY PARTNERS PARTICIPAÇÕES S.A.
25704,BOA SAFRA SEMENTES S.A.
25550,ORIZON VALORIZAÇÃO DE RESÍDUOS S.A.
25291,3R PETROLEUM ÓLEO E GÁS S.A.
26123,ONCOCLÍNICAS DO BRASIL SERVIÇOS MÉDICOS S.A.
25046,D1000 VAREJO FARMA PARTICIPAÇÕES S.A.
25119,MELNICK DESENVOLVIMENTO IMOBILIÁRIO S.A.
25097,NORTE ENERGIA S.A.
25682,CM HOSPITALAR S.A
25283,AERIS IND. E COM. DE EQUIP. PARA GER. DE ENG. S.A.
24961,AMBIPAR PARTICIPAÇÕES E EMPREENDIMENTOS S.A.
25879,KORA SAÚDE PARTICIPAÇÕES S.A.
24996,RIVA INCORPORADORA S.A
26379,MADERO INDÚSTRIA E COMÉRCIO S.A.
25232,MÉLIUZ S.A.
25887,GETNINJAS S.A.
25321,GRANBIO INVESTIMENTOS S.A.
25518,WESTWING COMÉRCIO VAREJISTA S.A.
25402,HBR REALTY EMPREENDIMENTOS IMOBILIÁRIOS S.A.
26638,CONCESSIONARIA ECOVIAS DO ARAGUAIA S.A.
25313,HOUSI S.A.
25542,CVLB BRASIL S.A.
25690,HOSPITAL MATER DEI S.A.
25275,ALPHAVILLE S.A.
25259,ENJOEI S.A.
26182,LABORATÓRIO TEUTO BRASILEIRO S.A.
26760,TECIDOS E ARMARINHOS MIGUEL BARTOLOMEU S.A.
26336,FULWOOD S.A.
25836,DOTZ S.A.
25089,PET CENTER COMÉRCIO E PARTICIPAÇÕES S.A.
25933,HUMBERG AGRIBRASIL COMÉRCIO E EXPORTAÇÃO DE GRÃOS S.A.
26565,HOLDING DO ARAGUAIA S.A.
25909,EMCCAMP RESIDENCIAL S.A.
26085,BRISANET PARTICIPAÇÕES S.A.
25330,ALLIED TECNOLOGIA S.A.
26670,ARGO VI TRANSMISSÃO DE ENERGIA S.A.
26662,ARGO V TRANSMISSÃO DE ENERGIA S.A.
26573,TROCAFONE S.A.
26417,OLIVEIRA TRUST S.A.
25658,AGROGALAXY PARTICIPAÇÕES S.A.
25127,COMPASS GÁS E ENERGIA S.A.
26654,ARGO VII TRANSMISSÃO DE ENERGIA S.A.
26794,SELF IT ACADEMIAS HOLDING S.A.
25305,PATRIMAR ENGENHARIA S.A.
25194,TRIPLE PLAY BRASIL PARTICIPAÇÕES S.A.
26689,HOLDING VERZANI E SANDRINI S.A.
25070,PLANO & PLANO DESENVOLVIMENTO IMOBILIÁRIO S.A.
80209,NU HOLDINGS LTD.
26204,BLUEFIT ACADEMIAS DE GINÁSTICA E PARTICIPAÇÕES S.A.
25186,GRUPO MATEUS S.A.
25771,HOSPITAL CARE CALEDONIA S.A.
26280,COMERC PARTICIPAÇÕES S.A.
25062,LAVVI EMPREENDIMENTOS IMOBILIÁRIOS S.A.
25445,MPM CORPÓREOS S.A.
25488,FOCUS ENERGIA HOLDING PARTICIPAÇÕES S.A.
25615,ÁGUAS DE TERESINA SANEAMENTO SPE S.A.
24333,AUZZA SECURITIZADORA S. A.
25844,TEGRA INCORPORADORA S.A.
25216,COMPANHIA SECURITIZADORA DE CRÉDITOS FINANCEIROS VERT-RECARG
25755,BANCO MODAL S.A.
25461,MOBLY S.A.
25810,ATHENA SAÚDE BRASIL SA
26409,VERO S.A.
25356,CONCESSIONÁRIA DAS RODOVIAS INTEGRADAS DO SUL S.A.
21202,VIX LOGÍSTICA S.A.
25020,CIA. SECURITIZADORA DE CREDITOS FINANCEIROS VERT-GYRA
24783,NATURA &CO HOLDING S.A.
26131,ENTALPIA PARTICIPAÇÕES S.A.
11207,TECNOSOLO ENGENHARIA S.A. - EMPRESA FALIDA
26247,WILSON SONS S.A.
25917,RAÍZEN S.A.
26484,RUMO MALHA CENTRAL S.A.
24791,PJBANK SECURITIZADORA S.A.
24805,VIVARA PARTICIPAÇÕES S.A.
25267,COMPANHIA SECURITIZADORA DE CRÉDITOS FINANCEIROS VERT-PROVI
24970,BASE SECURITIZADORA DE CRÉDITOS IMOBILIÁRIOS S.A
25739,CS BRASIL PARTICIPAÇÕES E LOCAÇÕES S.A.
26107,CIA SECURITIZADORA DE CRED. FIN. CARTÕES CONSIGNADOS II
26263,COMPANHIA SECURITIZADORA DE CRÉDITOS FINANCEIROS VERT-VIRTUS
26581,CONCESSIONÁRIA ECOVIAS DO CERRADO S.A.
25380,EZ INC INCORPORAÇÕES COMERCIAIS S.A.
25054,TRUE COMPANHIA SECURITIZADORA DE CRÉDITOS FINANCEIROS II
26018,CIA. SEC. DE CRÉDITOS FINANCEIROS VERT-PROVI II
25593,COMPANHIA SECURITIZADORA DE CRÉDITOS FINANCEIROS - VERT 5
25151,MISSISSIPI SECURITIZADORA S/A
25640,AES BRASIL ENERGIA S.A.
25240,TRAVESSIA SECURITIZADORA DE CRÉDITOS FINANCEIROS S.A.
26298,RIO ENERGY PARTICIPAÇÕES S.A.
25720,RIO ALTO ENERGIAS RENOVÁVEIS S.A.
80195,"G2D INVESTMENTS, LTD."
25747,INFRACOMMERCE CXAAS S.A.
26530,CENCOSUD BRASIL COMERCIAL S.A.
25364,HLASA PARTICIPAÇÕES S.A.
25674,HMOBI PARTICIPAÇÕES S.A.
26042,PLAYBANCO SECURITIZADORA S.A.
26905,IFIN PARTICIPAÇÕES S.A.
25968,HUMAITA SECURITIZADORA S/A
23590,WIZ CO PARTICIPAÇÕES E CORRETAGEM DE SEGUROS S.A.
24058,ALLIANÇA SAÚDE E PARTICIPAÇÕES S.A.
25631,KALUNGA S.A
26506,LUPO S.A.
25763,VITTIA S.A.
21440,VESTE S.A. ESTILO
26360,DORI ALIMENTOS S.A.
25208,TRACK & FIELD CO S.A.
26034,MULTILASER INDUSTRIAL S.A.
25801,RODOBENS SA
24953,"ALLPARK EMPREENDIMENTOS, PARTICIPAÇÕES E SERVIÇOS S.A."
26700,EUROFARMA LABORATÓRIOS S.A.
25984,COMPANHIA BRASILEIRA DE ALUMÍNIO
25992,INTERCEMENT BRASIL S.A.
25526,CRUZEIRO DO SUL EDUCACIONAL S.A.
23280,UNIDAS LOCAÇÕES E SERVIÇOS S.A.
25429,FARMÁCIA E DROGARIA NISSEI S.A.
26395,ALMEIDA JUNIOR SHOPPING CENTERS S.A.
25453,INTELBRAS S.A. IND. DE TELECOMUNICAÇÃO ELETRÔNICA BRASILEIRA
26255,TIGRE S.A. PARTICIPAÇÕES
25950,TRÊS TENTOS AGROINDUSTRIAL S/A
25143,PACAEMBU CONSTRUTORA S.A.
25038,LOJAS QUERO QUERO S.A.
80160,BANCO SANTANDER S.A.
80101,SOLVAY INDUPA SAIC
23213,ITAQUI GERAÇÃO DE ENERGIA S.A.
23345,SUL INVEST SECURITIZADORA S/A
23418,GAVEA SECURITIZADORA S/A
23205,BR TOWERS SPE1 S.A
80136,TGLT S/A
23299,JP PARTICIPAÇÕES S.A.
23108,BPMB I PARTICIPAÇÕES S.A.
23140,SMILES S.A.
22950,AR CAPITAL SECURITIES COMPANHIA SECURITIZADORA S.A.
23116,FINPAR PARTICIPAÇÕES S/A
23337,ISEC BRASIL SECURITIZADORA S/A
23256,CONSULT SECURITIZADORA S/A
23450,RUMO LOGÍSTICA OPERADORA MULTIMODAL S.A.
23280,OURO VERDE LOCACAO E SERVICO S.A.
23183,ALTUS SISTEMAS DE AUTOMAÇÃO S.A.
24244,MAGNESITA MINERAÇÃO S.A.
24414,DASS NORDESTE CALÇADOS E ARTIGOS ESPORTIVOS S.A
24317,BK BRASIL OPERAÇÃO E ASSESSORIA A RESTAURANTES SA
24074,PERDIZES - SECURITIZADORA DE RECEBÍVEIS COMERCIAIS S/A
23876,GPR - PINHEIRO & RINALDO CAPITAL S/A
23914,COMPANHIA PARANAENSE DE SECURITIZAÇÃO - PRSEC
24503,AMALFI EMPREENDIMENTOS E PARTICIPAÇÕES S.A.
24198,LGT HUB PARTICIPAÇÕES S.A.
24449,USINAGEM EDLYN PARTICIPAÇÕES S.A.
24325,EDAFO SECURITIZADORA S/A
24554,BANRISUL CARTÕES S.A.
23736,FORNO DE MINAS ALIMENTOS S.A.
23728,PRÁTICA PARTICIPAÇÕES S/A
23973,AVAL SECURITIZADORA DE CREDITOS S.A.
23752,SEC TWO COMPANHIA SECURITIZADORA DE CRÉDITOS
23760,REAG SECURITIES - SECURITIZADORA DE CRÉDITOS  S/A
24023,TRÍPLICE SECURITIZADORA DE ATIVOS MERCANTIS S/A
24031,TRIUNFO SECURITIZADORA DE ATIVOS S/A
24295,PETROBRAS DISTRIBUIDORA S/A
23779,BS&C EMPREENDIMENTOS E PARTICIPAÇÕES S.A.
23400,SCCA - SECURITIZADORA DE CRÉDITOS DO AGRONEGÓCIO S.A.
23361,SPE AKRO SECURITIZADORA S.A.
23663,FOXFIELD PARTICIPAÇÕES S.A.
23655,FOURSTONES PARTICIPAÇÕES S.A.
23647,FRIESTON PARTICIPAÇÕES S.A.
24856,UP ENGENHARIA E URBANISMO S.A.
26522,CERRADINHO BIOENERGIA S.A.
14540,VBC ENERGIA SA
15334,BOMBRIL HOLDING SA
19887,UNIVERSO ONLINE SA
18988,VOTORANTIM FINANÇAS SA
19143,EDITORA ABRIL S/A
16730,INEPAR ENERGIA SA
17710,VIVO PARTICIPAÇÕES SA
17655,TELE NORTE LESTE PARTICIPAÇÕES SA
18082,ALIUM PARTICIPAÇÕES SA
19216,CP CIMENTO E PARTICIPAÇÕES S/A
21415,BRZ INVESTIMENTOS S/A
18635,PRIVATINVEST PARTICIPAÇÕES SA
19089,COARI PARTICIPAÇÕES SA
19500,BGPAR SA
80004,"TELEFÓNICA, S.A."
21423,FLORESTAL BRASIL SA
5878,FAE - FERRAGENS APARELHOS ELÉTRICOS S/A
20400,SAFRA COMPANHIA SECURITIZADORA DE CREDITOS IMOBILIARIOS
19968,CIA DE AGUA E ESGOTO DA PARAIBA
21660,FAE ADM. E PARTICIPAÇÕES SA
22241,KAROON PETRÓLEO & GÁS SA
21598,BANJUL PARTICIPAÇÕES SA
22063,NEXFUEL BIOENERGIA S/A
22152,POTHENCIA S.A. - REFLORESTADORA
22098,CERVEJASONLINE PARTICIPAÇÕES S/A
22527,PERENCO PETRÓLEO E GÁS DO BRASIL PARTICIPAÇÕES S.A.
9784,PRONOR PETROQUIMICA SA
14028,VALE FERTILIZANTES S.A.
14010,PREDILETO ALIMENTOS SA
14710,SOLA SA INDS ALIMENTICIAS
14931,DIXIE TOGA SA
22306,RAIA S.A.
19631,CAMARGO CORREA CIMENTOS SA
19496,REDFACTOR FACTORING E FOMENTO COML S/A
15610,CECRISA REVESTIMENTOS CERAMICOS SA
19801,BUDDEMEYER S/A
6378,GAZOLA SA INDÚSTRIA METALURGICA
140,YARA BRASIL FERTILIZANTES
26891,ELETRORIVER S.A.
27022,V. TAL - REDE NEUTRA DE TELECOMUNICAÇÕES S.A.
27090,TIM BRASIL SERVIÇOS E PARTICIPAÇÕES S.A.
26883,BSB ENERGÉTICA S.A.
26808,COPEL DISTRIBUIÇÃO S.A.
26387,INTERPLAYERS SOLUÇÕES INTEGRADAS S.A.
26697,FOZ DO RIO CLARO ENERGIA S.A.
26514,ASA BRANCA HOLDING S.A.
26921,CICLUS AMBIENTAL DO BRASIL S.A
26964,REAG INVESTIMENTOS S.A.
26611,MNLT S.A.
27138,SAFIRA HOLDING S.A.
27111,XP INVESTIMENTOS S.A.
27103,CHINA THREE GORGES BRASIL ENERGIA S.A.
27057,"VITRU BRASIL EMPREENDIMENTOS, PARTICIPAÇÕES E COMÉRCIO S.A."
26972,CREDGRID SERVIÇOS FINANCEIROS S.A.
80225,ALMACENES ÉXITO S.A.
26816,QESTRA TECNOLOGIA ADMINISTRAÇÃO E PARTICIPAÇÕES S.A.
26077,TC S.A.
27197,TURBI COMPARTILHAMENTO DE VEÍCULOS S.A.
26620,AUREN ENERGIA S.A.
26956,OCEÂNICA ENGENHARIA E CONSULTORIA S.A.
26948,ELEA DIGITAL INFRAESTRUTURA E REDES DE TELECOMUNICAÇÕES S.A.
26875,EIXO SP CONCESSIONÁRIA DE RODOVIAS S.A.
26859,CONCESSIONÁRIA CATARINENSE DE RODOVIAS S.A.
26328,MONTE RODOVIAS S.A.
26832,ANEMUS WIND HOLDING S.A.
26930,AMAZONE FUN PARKS S.A.
26999,BRK AMBIENTAL - REGIÃO METROPOLITANA DE MACEIÓ S.A.
27154,COMPANHIA ESTADUAL DE GERAÇÃO DE ENERGIA ELÉTRICA - CEEE-G
26000,TERRA SANTA PROPRIEDADES AGRÍCOLAS S.A.
27006,RIO ALTO STL HOLDING I S.A.
26310,CIA. SECURITIZADORA DE CRED. FIN. VERT-UME
26239,PORTO DE VITORIA COMPANHIA SECURITIZADORA DE CREDITOS FINANC
27014,SOLAR BEBIDAS S.A.
26646,CANTU STORE S.A.
26344,MOTTU I S.A
26352,RODOVIAS DO BRASIL HOLDING S.A.
26220,CERES SECURITIZADORA S/A
26212,CANAL COMPANHIA DE SECURITIZAÇÃO
26433,ALVAREZ & MARSAL INVESTIMENTOS I S.A.
26735,ÁGUAS DO RIO 1 SPE S.A.
26727,IGUÁ RIO DE JANEIRO S.A.
26441,OMEGA ENERGIA S.A.
26492,TRUE SECURITIZADORA DE CREDITOS FINANCEIROS IV S.A.
26743,ÁGUAS DO RIO 4 SPE S.A.
80217,"INTER & CO, INC."
26778,VERT-11 COMPANHIA SECURITIZADORA DE CRÉDITOS FINANCEIROS
26450,VERT-9 COMPANHIA SECURITIZADORA DE CRÉDITOS FINANCEIROS
26751,VERT-10 COMPANHIA SECURITIZADORA DE CRÉDITOS FINANCEIROS
26824,TRAVESSIA SECURITIZADORA DE CRÉDITOS MERCANTIS VI S.A.
26913,VIA BRASIL BR 163 CONCESSIONÁRIA DE RODOVIAS S.A.
27030,ALTHAIA S.A. INDÚSTRIA FARMACÊUTICA
26867,UNIÃO QUÍMICA FARMACÊUTICA NACIONAL S.A.
27065,COMPANHIA DO METROPOLITANO DE SÃO PAULO - METRÔ
26549,CLARANET TECHNOLOGY S.A.
26786,SENIOR SISTEMAS S.A.
26980,BORRACHAS VIPAL S.A.
27189,VOTORANTIM CIMENTOS S.A.
27200,PETRO RIO JAGUAR PETRÓLEO S.A.
27049,ORIZON MEIO AMBIENTE S.A.
1244,BANCO BESA S.A.
27120,EMPRESA BRASILEIRA DE ENGENHARIA E COMÉRCIO S.A. EBEC
27073,SOLVI ESSENCIS AMBIENTAL S.A.
27146,RIO+ SANEAMENTO BL 3 S.A.
27081,NOVA SOCIEDADE DE NAVEGAÇÃO S.A.
27219,GRANJA FARIA S.A.
23191,DELUXE MOTORS S.A.
23787,RR CASA DE INVESTIMENTOS E PARTICIPAÇÕES S.A.
